item_text,provider,category_code,rule_source
ALCOHOL 95° LITRO,COOPRINSEM,EXP-2.6,client_product_rule
CALFODEX 500 CC.,COOPRINSEM,EXP-2.5,client_product_rule
CALFOMA PLUS 500 CC.,COOPRINSEM,EXP-2.5,client_product_rule
CARDIOTONICO (VIVEFORT) CAJA 3X10 CC.,COOPRINSEM,EXP-2.5,client_product_rule
"COBACTAN 100 CC CEFQUINOMA 2,5%",COOPRINSEM,EXP-2.2,client_product_rule
COBACTAN LC CAJA 15 JERINGAS LACTAN,COOPRINSEM,EXP-2.2,client_product_rule
COFORTA 100 CC.,COOPRINSEM,EXP-2.5,client_product_rule
COLIMIC 50 CC. (ESPASMOLITICO),COOPRINSEM,EXP-2.5,client_product_rule
REPIDERMA SPRAY 250 CC,COOPRINSEM,EXP-2.5,client_product_rule
"CORTEXONA 50 CC. (DEXAMETASONA 0,2%)",COOPRINSEM,EXP-2.5,client_product_rule
FORMALINA 37 % CON 12% MEOH 22 KILOS,COOPRINSEM,EXP-2.6,client_product_rule
LIQUAMICINA LA FCO. 100 CC.,COOPRINSEM,EXP-2.5,client_product_rule
LIQUAMICINA LA FCO. 250 CC.,COOPRINSEM,EXP-2.5,client_product_rule
MAGNEKAL 100 CC. (CLORURO DE MG),COOPRINSEM,EXP-2.5,client_product_rule
MOSKIMIC FORTE POUR ON 1 LITRO,COOPRINSEM,EXP-2.5,client_product_rule
MOSKIMIC FORTE POUR ON 3 LITRO,COOPRINSEM,EXP-2.5,client_product_rule
NOVORMON 5.000 UI (25 CC.),COOPRINSEM,EXP-3.1,client_product_rule
ORBENIN E.D.C CAJA 36 JER SECADO,COOPRINSEM,EXP-2.1,client_product_rule
PATHOZONE CAJA 10 JERINGAS LACTAN,COOPRINSEM,EXP-2.2,client_product_rule
PEDEROL 2% 250 CC.,COOPRINSEM,EXP-2.5,client_product_rule
PENCIVET 1 FCO. 6.000.000 U.I.,COOPRINSEM,EXP-2.5,client_product_rule
RIMADYL INYECTABLE 50 CC.,COOPRINSEM,EXP-2.5,client_product_rule
SUERO GLUCOSADO 5% 500 CC (DEXTROSA 5%),COOPRINSEM,EXP-2.6,client_product_rule
TERIL 5 LTS.,COOPRINSEM,EXP-2.5,client_product_rule
VACUNA CATTLEMASTER GOLD 25 DOSIS,COOPRINSEM,EXP-2.3,client_product_rule
VACUNA CLOSTRIBAC 9P 50 DOSIS,COOPRINSEM,EXP-2.3,client_product_rule
VACUNA CLOSTRIBAC-8 GOLD 50 DOSIS,COOPRINSEM,EXP-2.3,client_product_rule
VACUNA FORTRESS 50 DS BORGPETERSENIL HAR,COOPRINSEM,EXP-2.3,client_product_rule
VACUNA VISION-8 100 ML. (50 DOSIS),COOPRINSEM,EXP-2.3,client_product_rule
VITAMINA E + SELENIO 100 CC.,COOPRINSEM,EXP-2.5,client_product_rule
KET-10 50 CC. BOVINO (KETOPROFENO),COOPRINSEM,EXP-2.5,client_product_rule
CIPIOSYN 50 CC (CIPIONATO ESTRADIOL),COOPRINSEM,EXP-3.1,client_product_rule
VACUNA LEPTOFERM 5 50 DOSIS,COOPRINSEM,EXP-2.3,client_product_rule
VACUNA CATTLEMASTER GOLD FP5 L5 25 DOSIS,COOPRINSEM,EXP-2.3,client_product_rule
AGUJA DESECHABLE (C/PLAST) 18 G x 1,COOPRINSEM,EXP-2.6,client_product_rule
ALLFLEX MAXI(H)-BOTON(M) ESTAMPADO,COOPRINSEM,EXP-2.6,client_product_rule
ALLFLEX MAXI(H)-BOTON(M) S/EST AMARILLO,COOPRINSEM,EXP-2.6,client_product_rule
BANDA MARCADORA ADHESIVA 50MMx10M ROJO,COOPRINSEM,EXP-2.6,client_product_rule
BANDA PATA O COLA 10 MTS ROJA 204273,COOPRINSEM,EXP-2.6,client_product_rule
BOTAS BEKINA STEPLITE-X P.A.#42,COOPRINSEM,EXP-16.1,client_product_rule
BOTAS BEKINA STEPLITE-X P.A.#43,COOPRINSEM,EXP-16.1,client_product_rule
CORTA PEZUNAS D-ACCION ECONOMI 203641,COOPRINSEM,EXP-2.6,client_product_rule
GUANTE NITRIL GRUESO LARGO-XL 50U 209080,COOPRINSEM,EXP-16.1,client_product_rule
GUANTE NITRIL SHOOF CORTO-L 100UN 204631,COOPRINSEM,EXP-16.1,client_product_rule
GUANTE NITRIL SHOOF CORTO-M 100UN 204632,COOPRINSEM,EXP-16.1,client_product_rule
GUANTE NITRIL SHOOF CORTO-XL 100U 204634,COOPRINSEM,EXP-16.1,client_product_rule
INYECTORAS CALCIO DESECHABLE,COOPRINSEM,EXP-2.6,client_product_rule
JERINGAS DESECHABLES 3 CC.,COOPRINSEM,EXP-2.6,client_product_rule
JERINGAS DESECHABLES 5 CC.,COOPRINSEM,EXP-2.6,client_product_rule
JERINGAS DESECHABLES 10 CC.,COOPRINSEM,EXP-2.6,client_product_rule
LAZOS OBSTETRICOS,COOPRINSEM,EXP-2.6,client_product_rule
MANGA ORDENO VERDE,COOPRINSEM,EXP-16.1,client_product_rule
PINTURA FIL C/APLICADOR LT AZUL 213868,COOPRINSEM,EXP-2.6,client_product_rule
TIJERA CORTADORA COLAS 205606,COOPRINSEM,EXP-2.6,client_product_rule
VENOJECT VIDRIO 10 CC TAPA ROJA VT*100,COOPRINSEM,EXP-2.6,client_product_rule
BUZO PILOTO VARIOS COLORES TALLA S,COOPRINSEM,EXP-16.1,client_product_rule
AGUJA DESECHABLE (C/PLAST) 18 G x 1 1/2,COOPRINSEM,EXP-2.6,client_product_rule
AGUJA DESECHABLE (C/PLAST) 26 G x 1/2,COOPRINSEM,EXP-2.6,client_product_rule
AGUJA DESECHABLE (C/PLAST) 21 G x 1,COOPRINSEM,EXP-2.6,client_product_rule
AGUJA DESECHABLE (C/PLAST) 16 G x 1/2,COOPRINSEM,EXP-2.6,client_product_rule
AGUJA DESECHABLE (C/PLAST) 16 G x 1 1/2,COOPRINSEM,EXP-2.6,client_product_rule
AGUJA DESECHABLE (C/PLAST) 25 G x 5/8,COOPRINSEM,EXP-2.6,client_product_rule
RUBBER BLOCK UNIDAD,COOPRINSEM,EXP-2.6,client_product_rule
VENDA PRODETECT,COOPRINSEM,EXP-2.6,client_product_rule
PINT DETECTAR CELOS DONAGHYS LT AZUL,COOPRINSEM,EXP-2.6,client_product_rule
PINT DETECTAR CELOS DONAGHYS LT AMARILLA,COOPRINSEM,EXP-2.6,client_product_rule
PINT DETECTAR CELOS DONAGHYS LT VERDE,COOPRINSEM,EXP-2.6,client_product_rule
TACO MADERA NATIVA 10 UNIDADES,COOPRINSEM,EXP-2.6,client_product_rule
PINTURA SPRAY 500 CC DONAGHYS AZUL,COOPRINSEM,EXP-2.6,client_product_rule
BOVIBOND 210 ML C/10 BOQUILLAS,COOPRINSEM,EXP-2.6,client_product_rule
C-B SURALIM TERNERO INICIAL 25 KG,COOPRINSEM,EXP-5.2,client_product_rule
SUST. EUROLAC BLUE 25 KGS. SCHILS,COOPRINSEM,EXP-5.5,client_product_rule
SUST. KALMILAC PLUS 25 KGS SCHILS,COOPRINSEM,EXP-5.5,client_product_rule
SEMILLA ARVEJA PERFECT FREEZER ( 1 KG.,COOPRINSEM,EXP-8.4,client_product_rule
SEM.AVENA URANO CERT.,COOPRINSEM,EXP-8.4,client_product_rule
CORDON BUNGY ROLLO 50M - GAL,COOPRINSEM,EXP-14.2,client_product_rule
"ALAMBRE SUBTE. AGRI-FENCE 2,5 MM 50 MT",COOPRINSEM,EXP-14.2,client_product_rule
BOTAS BEKINA STEPLITE-X P.A.#38,COOPRINSEM,EXP-16.1,client_product_rule
BOTAS BEKINA STEPLITE-X P.A.#44,COOPRINSEM,EXP-16.1,client_product_rule
BOTAS DUNLOP THERMO+ # 37-38 (-40 C),COOPRINSEM,EXP-16.1,client_product_rule
BOTAS DUNLOP THERMO+ # 39-40 (-40 C),COOPRINSEM,EXP-16.1,client_product_rule
BOTAS DUNLOP THERMO+ # 41 (-40 C),COOPRINSEM,EXP-16.1,client_product_rule
BOTAS DUNLOP THERMO+ # 42 (-40 C),COOPRINSEM,EXP-16.1,client_product_rule
BOTAS DUNLOP THERMO+ # 43 (-40 C),COOPRINSEM,EXP-16.1,client_product_rule
BOTAS DUNLOP THERMO+ # 44-45 (-40 C),COOPRINSEM,EXP-16.1,client_product_rule
BUZO PILOTO VARIOS COLORES TALLA XXL,COOPRINSEM,EXP-16.1,client_product_rule
FILTRO (PAR) 3M # 6003 VAP.ORGANIC/GASES,COOPRINSEM,EXP-16.1,client_product_rule
"TRAJE AGUA POLIURETANO 0,55MM T-L",COOPRINSEM,EXP-16.1,client_product_rule
"TRAJE AGUA POLIURETANO 0,55MM T-XL",COOPRINSEM,EXP-16.1,client_product_rule
BUZO PILOTO VARIOS COLORES TALLA XL,COOPRINSEM,EXP-16.1,client_product_rule
BUZO VETERINARIO 1 PIEZA TALLA 50,COOPRINSEM,EXP-16.1,client_product_rule
BUZO VETERINARIO 1 PIEZA TALLA 52,COOPRINSEM,EXP-16.1,client_product_rule
BUZO VETERINARIO 1 PIEZA TALLA 56,COOPRINSEM,EXP-16.1,client_product_rule
BUZO CANVAS AZUL 240 GRS X M2 TALLA M,COOPRINSEM,EXP-16.1,client_product_rule
BUZO CANVAS AZUL 240 GRS X M2 TALLA XL,COOPRINSEM,EXP-16.1,client_product_rule
BUZO CANVAS AZUL 240 GRS X M2 TALLA XXL,COOPRINSEM,EXP-16.1,client_product_rule
BOTA DUNLOP PUROFORT + FULLSAFETY # 36,COOPRINSEM,EXP-16.1,client_product_rule
BUZO VETERINARIO 1 PIEZA TALLA 54,COOPRINSEM,EXP-16.1,client_product_rule
ESCOBILLON # 101 MUNIC MAD ESPERANZA-OSO,COOPRINSEM,EXP-16.1,client_product_rule
ESCOBILLON # 103 MUNICIPAL CHICO MADERA,COOPRINSEM,EXP-16.1,client_product_rule
MASCARILLA SILICONA 3M MOD # 7503 T-L,COOPRINSEM,EXP-16.1,client_product_rule
HORM. CIDR BOVINO APLICADOR,COOPRINSEM,EXP-3.1,client_product_rule
MANGA DESECHABLE GIA POLYSEM,COOPRINSEM,EXP-16.1,client_product_rule
MANGA DESECHABLE INSEM. SUPER SENSITIVE,COOPRINSEM,EXP-16.1,client_product_rule
MANGA ORDENO AZUL,COOPRINSEM,EXP-16.1,client_product_rule
PM ESCOBILLA ESTANQUE,COOPRINSEM,EXP-16.1,client_product_rule
PM ESCOBILLA MANGO P/ EST.,COOPRINSEM,EXP-16.1,client_product_rule
PM ESCOB. MANGO LAR. 410MM,COOPRINSEM,EXP-16.1,client_product_rule
PM CMT REACTIVO 1 LT.,COOPRINSEM,EXP-2.2,client_product_rule
PM CMT PALETA,COOPRINSEM,EXP-2.6,client_product_rule
CAJA TOALLA PAPEL INTERFOLIADA 20720,COOPRINSEM,EXP-2.6,client_product_rule
PECHERA AJUSTABLE AZUL REVERSIBLE,COOPRINSEM,EXP-16.1,client_product_rule
COMBO ORDEï¾‘ADOR (PECHERA MANGAS),COOPRINSEM,EXP-16.1,client_product_rule
PECHERA ORDENO AZUL 2150021187,COOPRINSEM,EXP-16.1,client_product_rule
RESMA HOJA CARTA PARA IMPRESORA,COOPRINSEM,ADM-1.6,client_product_rule
BATERIA HP ORIGINAL HT03XL,COOPRINSEM,ADM-1.6,client_product_rule
CABLE TIPO-C A HDMI 1.8M TM-100539,COOPRINSEM,ADM-1.6,client_product_rule
SERVICIOS + OFFICE,COOPRINSEM,ADM-1.6,client_product_rule
JERINGA DESECHABLE 3 ML C/AGUJA (L.L.),COLUN,EXP-2.6,client_product_rule
PETROLEO DIESEL ULTRA (DISTRIBUCION),COLUN,EXP-11.3,client_product_rule
T. COLUN CRECIMIENTO X 25 KG,COLUN,EXP-5.2,client_product_rule
MAIZ HOJUELA COLUN X 25 KG,COLUN,EXP-5.3,client_product_rule
COLMILLO BLANCO X 20KG (ADULTO&CACHORRO),COLUN,EXP-5.3,client_product_rule
PERRO FIT FORMULA ADULTO X 20 KG,COLUN,EXP-5.3,client_product_rule
AGUJAS TUBERCULINA METALICA,COLUN,EXP-2.6,client_product_rule
PARCHE SILO BOLO,COLUN,EXP-4.2,client_product_rule
TACO DE MADERA X 10 UNID.,COLUN,EXP-2.6,client_product_rule
PEGAMENTO BOVIBOND X 210 ML,COLUN,EXP-2.6,client_product_rule
VENDAS COADHESIVAS MOO WARP,COLUN,EXP-2.6,client_product_rule
FORMALINA X 22 LTS,COLUN,EXP-2.6,client_product_rule
CORDON BUNGY ROLLO 50 MT (G89106),COLUN,EXP-14.2,client_product_rule
SALFORT PASTOREO X 25 KG,COLUN,EXP-2.4,client_product_rule
CABLE POLY BLA 6SS 500M (G62007),COLUN,EXP-14.2,client_product_rule
SUSTITUTO LACTEO COLUN (SPT) 25 KG,COLUN,EXP-5.5,client_product_rule
CLAVOS TERRANO 1 1/2 !¡,COLUN,EXP-14.2,client_product_rule
CLAVOS 2 1/2 X 11,COLUN,EXP-14.2,client_product_rule
AISLA. ESQUINERO TIPO S1031B,COLUN,EXP-14.2,client_product_rule
CIDR BOVINOS X 10 DISP,COLUN,EXP-3.1,client_product_rule
TERMOMETRO DIGITAL PARA SUELOS SHOOF,COLUN,EXP-16.2,client_product_rule
ALAMBRE GALV. # 14 POR KILOS,COLUN,EXP-14.2,client_product_rule
PATHOZONE X 10 JER,COLUN,EXP-2.2,client_product_rule
LIQUAMICINA LA 250 CC.,COLUN,EXP-2.5,client_product_rule
AZOVETRIL X 5 LT.,COLUN,EXP-2.5,client_product_rule
TERRACORTRIL 125 CC SPRAY QUERATITIS,COLUN,EXP-2.5,client_product_rule
VIGANTOL ADE 100 CC.,COLUN,EXP-2.5,client_product_rule
PEDEROL SPRAY 250 ML,COLUN,EXP-2.5,client_product_rule
ALAMBRE PUAS MOTTO GANADERO X 500 MTS.,COLUN,EXP-14.2,client_product_rule
GRAPAS 11/4 X 10 X 1 KG,COLUN,EXP-14.2,client_product_rule
VACUNA FORTRESS X 50 DOSIS,COLUN,EXP-2.3,client_product_rule
"AGUJA DESECHABLE 16G X 1/2""",COLUN,EXP-2.6,client_product_rule
COLUBLOCK SUPERCRIANZA COX X 18 KG,COLUN,EXP-2.4,client_product_rule
PINTURA CELO TELL TAIL SPRAY AZU 500CC,COLUN,EXP-2.6,client_product_rule
SCHNELL ROSTLOSER LIQ 1612,COLUN,EXP-16.2,client_product_rule
AISLADOR W NEGRO X 25 UN (G67304),COLUN,EXP-14.2,client_product_rule
TENSOR C/AISLADOR (G74313),COLUN,EXP-14.2,client_product_rule
CLAVOS 4 X 8 X 1 KG,COLUN,EXP-14.2,client_product_rule
MANIJA SOFT TOUCH CUERDA (G69703),COLUN,EXP-14.2,client_product_rule
"CLAVO TERRANO 1 1/2"" X 1 KG",COLUN,EXP-14.2,client_product_rule
A.MOBIL HD 80-90 X 19 LT,COLUN,EXP-13.1,client_product_rule
TOALLA PAPEL INTERFOLIADA 320 UN,COLUN,EXP-2.6,client_product_rule
CARRETE C/ENGRANAJE MED (G61150),COLUN,EXP-14.2,client_product_rule
ESTACA COLA CHANCHO 850MM 10UN (G64213),COLUN,EXP-14.2,client_product_rule
T. SURALIM CRECIMIENTO RF X 25 KG,COLUN,EXP-5.2,client_product_rule
BIOPECT X 5 KG,COLUN,EXP-2.6,client_product_rule
PINTURA CELO TELL TAIL AZUL 1 LT,COLUN,EXP-2.6,client_product_rule
OXITOCINA FCO. 100 CC RECALCINE,COLUN,EXP-2.5,client_product_rule
FEBRECTAL BOVINO X 50 CC,COLUN,EXP-2.5,client_product_rule
PINTURA CELO TELL TAIL SPRAY VER 500CC,COLUN,EXP-2.6,client_product_rule
COMMANDER 20/20 X 3 LT,COLUN,EXP-2.5,client_product_rule
FORMALINA X 20 LTS,COLUN,EXP-2.6,client_product_rule
ESCOBILLON INDUSTRIAL 50 CM,COLUN,EXP-16.1,client_product_rule
ESCOBILLON INDUSTRIAL 30 CM,COLUN,EXP-16.1,client_product_rule
PLANILLA NÚMERO 75033 - ANÁLISIS : COOP,COLUN,EXP-12.2,client_product_rule
COLIMIC X 50 ML,COLUN,EXP-2.5,client_product_rule
"AGUJA DESECHABLE 18G X 1 1/2""",COLUN,EXP-2.6,client_product_rule
PINTURA CELO TELL TAIL SPRAY ROJ 500CC,COLUN,EXP-2.6,client_product_rule
ESCOBILLA ESTANQUE 988.801-15 ALFA/LAVAL,COLUN,EXP-16.1,client_product_rule
MANGO ESCOBILLA ESTANQUE 988.801-16 ALFA,COLUN,EXP-16.1,client_product_rule
ESCOBILLA UNIDAD FINAL 988801-07,COLUN,EXP-16.1,client_product_rule
"CABLE SUB 2,5MM 50M DURO NEG (G62702)",COLUN,EXP-14.2,client_product_rule
CLAVOS 4 X 8,COLUN,EXP-14.2,client_product_rule
AISLADOR W NEGRO X 1000 UN (G67309),COLUN,EXP-14.2,client_product_rule
CINTA BLANCA 40 MM X 200M (SP022),COLUN,EXP-14.2,client_product_rule
CONCEPTAL-FACTOR LIBERA.HORMONAL X 50ML,COLUN,EXP-3.1,client_product_rule
JERINGA DESECHABLE 60 ML PUNTA CATETER,COLUN,EXP-2.6,client_product_rule
LUTALYSE X 100 ML,COLUN,EXP-3.1,client_product_rule
NOVORMON 5000,COLUN,EXP-3.1,client_product_rule
TENSOR ALAMBRE C/AISLADOR NEGRO SA018,COLUN,EXP-14.2,client_product_rule
SILOSOLVE MC X 100 G,COLUN,EXP-4.2,client_product_rule
BIDON CERT. AMARILLO DIESEL 20 L,COLUN,EXP-16.2,client_product_rule
"BENZOATO DE ESTRADIOL 0,1% X 50 ML",COLUN,EXP-3.1,client_product_rule
PISTOLA TRUPER PIN-5X,COLUN,EXP-16.2,client_product_rule
CLORO ORGANICO 5 KG,COLUN,EXP-10.3,client_product_rule
VENDA COHESIVA IMPORTADA VERDE,COLUN,EXP-2.6,client_product_rule
BEBEDERO CIRCULAR 150 LTS WENCO,COLUN,EXP-14.3,client_product_rule
VALV FLOT MAX-FLO LARGO 1 -3/4 (217210),COLUN,EXP-14.3,client_product_rule
ESTACA MULTIPLE 50UN (G63705),COLUN,EXP-14.2,client_product_rule
BEBEDERO / COMEDERO PLAST. RECT. C/TAPON,COLUN,EXP-14.3,client_product_rule
CINTA MARCADORA AMARILLA SHOOF,COLUN,EXP-2.6,client_product_rule
CINTA MARCADORA ROJO SHOOF,COLUN,EXP-2.6,client_product_rule
CINTA MARCADORA VERDE SHOOF,COLUN,EXP-2.6,client_product_rule
VACUNA CLOSTRIBAC 8 GOLD X 50 DOS.,COLUN,EXP-2.3,client_product_rule
IVOMEC GOLD 500 CC,COLUN,EXP-2.5,client_product_rule
MOSKIMIC FORTE X 3 LT.,COLUN,EXP-2.5,client_product_rule
"CAÑERIA NEGRA PN4 1""",COLUN,EXP-14.3,client_product_rule
"LIMA PLANA 8"" SANDVIK CON MANGO",COLUN,EXP-16.1,client_product_rule
OVEROLES GABARDINA TALLA S,COLUN,EXP-16.1,client_product_rule
COPLA COMPRESION 32MM PN16 ARANGÜL,COLUN,EXP-14.3,client_product_rule
AISLADOR S TERMINAL NEG X 25 UN (G67704),COLUN,EXP-14.2,client_product_rule
BOTA BEKINA STEPLITE NORMAL N° 41,COLUN,EXP-16.1,client_product_rule
PINTURA CELO TELL TAIL VERDE 1 LT,COLUN,EXP-2.6,client_product_rule
OVEROLES GABARDINA TALLA L,COLUN,EXP-16.1,client_product_rule
OVEROLES GABARDINA TALLA XL,COLUN,EXP-16.1,client_product_rule
OVEROLES PILOTO POPLIN T 54 AZUL XXL,COLUN,EXP-16.1,client_product_rule
T. SURALIM INICIAL RF X 25 KG,COLUN,EXP-5.2,client_product_rule
"ROLLETE IMPREGNADO 4 A 5"" X 2,4M",COLUN,EXP-14.2,client_product_rule
METRICURE X 12 JER,COLUN,EXP-3.1,client_product_rule
TACO AMARILLO X 10 UN (SHOOF),COLUN,EXP-2.6,client_product_rule
"DETERGENTE OMO MATIC X 13,7 KG",COLUN,EXP-10.3,client_product_rule
DESODORANTE PINOS BLACK ICE,COLUN,EXP-16.2,client_product_rule
ADBLUE BIDON 10 LTS.,COLUN,EXP-13.1,client_product_rule
MACHETE FISKARS,COLUN,EXP-16.1,client_product_rule
MULTIHERRAMIENTA HANDYONE,COLUN,EXP-16.2,client_product_rule
MARTILLO M/MADERA,COLUN,EXP-16.1,client_product_rule
TESTER SMARTFIX (G50905),COLUN,EXP-16.1,client_product_rule
ACEITE 2T STHIL X 5 LTS,COLUN,EXP-13.1,client_product_rule
HORQUETAS TRUPER 5 PTAS,COLUN,EXP-16.1,client_product_rule
TOCOPER X 250 ML,COLUN,EXP-2.5,client_product_rule
KET - 10 X 50 ML,COLUN,EXP-2.5,client_product_rule
BLOQ. SOLAR BANANA BOAT FPS 50 X 1 L,COLUN,EXP-16.1,client_product_rule
BOTA BEKINA STEPLITE NORMAL N° 40,COLUN,EXP-16.1,client_product_rule
VASELINA LIQUIDA 5 LT.,COLUN,EXP-2.6,client_product_rule
TRAJE DE AGUA ALASKA M,COLUN,EXP-16.1,client_product_rule
DUPLALIM DESINF. X 5 LT.,COLUN,EXP-10.3,client_product_rule
UREA GRANULADA FUNDO,COLUN,EXP-6.2,client_product_rule
TRAJE DE AGUA ALASKA S,COLUN,EXP-16.1,client_product_rule
JERINGA DESECHABLE 5 ML C/AGUJA (L.L.),COLUN,EXP-2.6,client_product_rule
QUIX 10 LT.,COLUN,EXP-10.3,client_product_rule
GUANTE LARGO NITRILO L SHOOF 204627,COLUN,EXP-16.1,client_product_rule
MANGA PALPACION ECOGAN SHOOF 219511,COLUN,EXP-16.1,client_product_rule
COBACTAN LC X 15 JER,COLUN,EXP-2.2,client_product_rule
CINTA MARCADORA AZUL SHOOF,COLUN,EXP-2.6,client_product_rule
JERINGA DESECHABLE 20 ML C/AGUJA (L.L.),COLUN,EXP-2.6,client_product_rule
GUANTE LARGO NITRILO M SHOOF 204628,COLUN,EXP-16.1,client_product_rule
VENDAS COHESIVA DR. BORKERT,COLUN,EXP-2.6,client_product_rule
TROCAR P/EMPASTADURA F06013,COLUN,EXP-2.6,client_product_rule
SUPERFOSFATO TRIPLE FUNDO,COLUN,EXP-6.1,client_product_rule
MISTRAL X 25 KG,COLUN,EXP-10.3,client_product_rule
CINTA CONDUCTORA C/ELECT.X 200 MTS,COLUN,EXP-14.2,client_product_rule
PINTURA CELO TELL TAIL ROSADO 1 LT,COLUN,EXP-2.6,client_product_rule
ESTACA P/CERCO ELEC.SA024,COLUN,EXP-14.2,client_product_rule
SEMILLA PASTO PRADO MZ MNQHUE PLS X 5 KG,COLUN,EXP-8.4,client_product_rule
BILIFAR X 120 G,COLUN,EXP-2.4,client_product_rule
TIJERA ESQUILADORA,COLUN,EXP-16.1,client_product_rule
ALAMBRE GALV. # 17/15 ACERADO ROLL.50 KG,COLUN,EXP-14.2,client_product_rule
NYLON 3.0 MM 15 MTS (DESBROZADORA)NYLON,COLUN,EXP-16.2,client_product_rule
CAL IM MINERALS FUNDO,COLUN,EXP-6.3,client_product_rule
SMARTBLUE FUNDO,COLUN,EXP-6.2,client_product_rule
MAGNEKAL X 100 CC.,COLUN,EXP-2.5,client_product_rule
VIVEFORT 3 AMPOLLAS X 10 ML,COLUN,EXP-2.5,client_product_rule
JERINGA DESECHABLE 10 ML C/AGUJA (L.L.),COLUN,EXP-2.6,client_product_rule
PLANILLA NÚMERO 73697 - ANÁLISIS : COOP,COLUN,EXP-12.2,client_product_rule
PLANILLA NÚMERO 73698 - ANÁLISIS : COOP,COLUN,EXP-12.2,client_product_rule
INYECTOR ACCURUS 6 ML SHOOF 220095,COLUN,EXP-16.1,client_product_rule
ESCOBA PLASTICA CLORINDA,COLUN,EXP-16.1,client_product_rule
CERCO THONE ELECT. RE220 100 KM,COLUN,EXP-14.2,client_product_rule
ADVOCIN 180 X 50 CC,COLUN,EXP-2.5,client_product_rule
BAYTRIL MAX X 100 CC,COLUN,EXP-2.5,client_product_rule
DEVAN 50 ML. CORTICOIDE,COLUN,EXP-2.5,client_product_rule
COFORTA 100 CC.,COLUN,EXP-2.5,client_product_rule
BOQUILLA LAVADO TURBOTWIST HANSEN 224341,COLUN,EXP-16.1,client_product_rule
LUBRICANTE CP 40 X 400 ML,COLUN,EXP-13.1,client_product_rule
ZANIL 80% X 1 KG,COLUN,EXP-2.5,client_product_rule
ENROMIC 10% X 1 L,COLUN,EXP-2.5,client_product_rule
INTRA REPIDERMA X 250 CC,COLUN,EXP-2.5,client_product_rule
TERIL - S X 5 LT,COLUN,EXP-2.5,client_product_rule
CINTA CONDUCTORA BLANCO 200 MT.P.CERCO,COLUN,EXP-14.2,client_product_rule
SPECTRAMAST LC X 12 JER,COLUN,EXP-2.2,client_product_rule
CALFODEX 500 CC.,COLUN,EXP-2.5,client_product_rule
BAJADA DE SUERO MACROGOTA,COLUN,EXP-2.6,client_product_rule
GUANTE LARGO NITRILO S SHOOF 204629,COLUN,EXP-16.1,client_product_rule
ESTACA PLASTICA BLANCA 50UN (OB10510),COLUN,EXP-14.2,client_product_rule
VITRAMAG FUNDO,COLUN,EXP-6.5,client_product_rule
REACTIVO MASTITIS CHECK X 1L (DA),COLUN,EXP-2.6,client_product_rule
TIJERA RECORTE COLAS 205606 SHOOF,COLUN,EXP-2.6,client_product_rule
CALFOMA PLUS X 500 CC,COLUN,EXP-2.5,client_product_rule
LIDOCALM X 50 ML,COLUN,EXP-2.5,client_product_rule
MOBEXVET X 50 ML,COLUN,EXP-2.5,client_product_rule
RIMADYL X 50 ML,COLUN,EXP-2.5,client_product_rule
ACEITE 2T STIHL X 250 CC,COLUN,EXP-13.1,client_product_rule
BAYCOX 5% X 1 LT,COLUN,EXP-2.5,client_product_rule
GORBAN X 100 ML,COLUN,EXP-2.5,client_product_rule
HIDRATANTE - ENERGIZANTE TERNEROS X 55 G,COLUN,EXP-2.4,client_product_rule
HEPROTEC INY 3x10 ML,COLUN,EXP-2.5,client_product_rule
SALFORT PREPARTO ANIONICA X 25 KG,COLUN,EXP-2.4,client_product_rule
CHUPETE PEACH TEAT ROSADO (SHOOF),COLUN,EXP-2.6,client_product_rule
PENCIVET FCO.,COLUN,EXP-2.5,client_product_rule
"PANACUR X 2,5 LTS",COLUN,EXP-2.5,client_product_rule
CANULA INFUSION MAMARIA 206705,COLUN,EXP-2.6,client_product_rule
GAS BUTANO 190 GR,COLUN,EXP-16.2,client_product_rule
RECARGA GAS BUTANO 300 ML 216059,COLUN,EXP-16.2,client_product_rule
AGUA OXIGENADA X 1 L,COLUN,EXP-2.6,client_product_rule
ECO CMT CHECK 1 KL.,COLUN,EXP-2.2,client_product_rule
GUANTE NITRILO VERDE FLOCADO - L,COLUN,EXP-16.1,client_product_rule
BOTA BEKINA STEPLITE PUNTA ACERO N° 45,COLUN,EXP-16.1,client_product_rule
GRAPAS 1 1/4 X 10,COLUN,EXP-14.2,client_product_rule
TRAJE DE AGUA ALASKA XXL,COLUN,EXP-16.1,client_product_rule
SERVICIO MANTENCION HORAS HOMBRE,COLUN,EXP-10.1,client_product_rule
MOVILIZACION MANTENCION ESTANQUES,COLUN,EXP-10.1,client_product_rule
SEMILLA TREBOL BLANCO RURU X 4 KG,COLUN,EXP-8.1,client_product_rule
SEMILLA TREBOL BLANCO KOTUKU X 4 KG,COLUN,EXP-8.1,client_product_rule
CALFOMA CARDIO X 500 ML,COLUN,EXP-2.5,client_product_rule
BOTA BEKINA STEPLITE PUNTA ACERO N° 37,COLUN,EXP-16.1,client_product_rule
CAN 27 FUNDO,COLUN,EXP-6.2,client_product_rule
TRAMPA PEGAJOSA 48 RB,COLUN,EXP-16.2,client_product_rule
"LIMA MOTOSIERRA 3/16""",COLUN,EXP-16.2,client_product_rule
SONDA PARA TERNEROS IMPORTADA,COLUN,EXP-2.6,client_product_rule
APLICADOR ORAL 20 ML SHOOF 220099,COLUN,EXP-2.6,client_product_rule
MASTIPLAN LC X 20 JER,COLUN,EXP-2.2,client_product_rule
VITAMINA ADE X 100 ML,COLUN,EXP-2.5,client_product_rule
DIIO ZEETAG HDX X 5 UN,COLUN,EXP-2.6,client_product_rule
"LIMAS PLANAS 10"" SANDVIK CON MANGO",COLUN,EXP-16.2,client_product_rule
TRAJE DESECHABLE TYVEK DUPONT XL,COLUN,EXP-16.1,client_product_rule
RESPIRADOR 3M 6200 MEDIUM,COLUN,EXP-16.1,client_product_rule
FILTRO P RESPIRADOR 3M 6001,COLUN,EXP-16.1,client_product_rule
EIMU DRACHENBLUT SCHUTZSPRAY 500 ML,COLUN,EXP-2.6,client_product_rule
TRAJE DE AGUA ALASKA L,COLUN,EXP-16.1,client_product_rule
ZUPREVO X 50 ML,COLUN,EXP-2.5,client_product_rule
CLORAFUR 50% X 500 GR,COLUN,EXP-2.5,client_product_rule
CINTA POLY BLA 40MM 200M (G62404),COLUN,EXP-14.2,client_product_rule
MANIJA SOFT TOUCH CINTA (G69603),COLUN,EXP-14.2,client_product_rule
COLIPRIM X 1 L,COLUN,EXP-2.5,client_product_rule
TRIPLE VITAMINICO X 3 AMP X 5 ML,COLUN,EXP-2.5,client_product_rule
HASYUN INYECTABLE X 50 ML,COLUN,EXP-2.5,client_product_rule
TERMOMETRO DIGITAL (TA804C),COLUN,EXP-2.6,client_product_rule
ACTIGOR X 100 CC,COLUN,EXP-2.5,client_product_rule
MANGAS PALPACION IMPORTADAS,COLUN,EXP-16.1,client_product_rule
A.MOBIL HD 80-90 X 4 LT,COLUN,EXP-13.1,client_product_rule
SUERO GLUCOSADO 500 CC.,COLUN,EXP-2.6,client_product_rule
CORTEXONA 50 ML,COLUN,EXP-2.5,client_product_rule
REHSAL - VET X 25 SOB,COLUN,EXP-2.4,client_product_rule
DIARREVET X 50 GRS,COLUN,EXP-2.5,client_product_rule
REPELENTE RATON M. SCHUTZ SPRAY 1515,COLUN,EXP-16.2,client_product_rule
GRAPAS 1 1/2 X 8,COLUN,EXP-14.2,client_product_rule
MOCHETAS LEIGH CORTA,COLUN,EXP-2.6,client_product_rule
EXCEDE 200 X 100 ML,COLUN,EXP-2.5,client_product_rule
BANDEJAS TEST MASTITIS,COLUN,EXP-2.6,client_product_rule
OXIDO DE MAGNESIO X 25 KG,COLUN,EXP-2.4,client_product_rule
"SERRUCHO TRUPER TF 22""",COLUN,EXP-16.1,client_product_rule
ALICATE UNIVERSAL T201-8,COLUN,EXP-16.1,client_product_rule
MARTILLO M/FIBRA,COLUN,EXP-16.1,client_product_rule
OVEROLES PILOTO POPLIN T 52 AZUL XL,COLUN,EXP-16.1,client_product_rule
LAPICES MARCAR RAIDEX ROJO,COLUN,EXP-2.6,client_product_rule
SULFATO DE MAGNESIO X 25 KG.,COLUN,EXP-2.4,client_product_rule
CORDEL BUNGY X 50 M,COLUN,EXP-14.2,client_product_rule
"CABLE L/OUT 2,5MM 100M DURO NEG (G62703)",COLUN,EXP-14.2,client_product_rule
CORTAPLUMA JACKNIFE,COLUN,EXP-16.2,client_product_rule
ALAMBRE GALV. #12 INCHALAM X 25 KG,COLUN,EXP-14.2,client_product_rule
CANDADOS # 360,COLUN,EXP-16.2,client_product_rule
TRAJE DE AGUA ALASKA XL,COLUN,EXP-16.1,client_product_rule
POMADRAG X 500 GRAMOS,COLUN,EXP-2.5,client_product_rule
TAPON CIERRE PEZONERA 6201-5,COLUN,EXP-2.6,client_product_rule
EIMU MINT + 500 ML,COLUN,EXP-2.6,client_product_rule
LUBRICANTE OBSTETRICO 5L (SHOOF),COLUN,EXP-2.6,client_product_rule
BOTA BEKINA STEPLITE PUNTA ACERO N° 41,COLUN,EXP-16.1,client_product_rule
BOTA BEKINA STEPLITE PUNTA ACERO N° 42,COLUN,EXP-16.1,client_product_rule
OVEROLES GABARDINA TALLA XXL,COLUN,EXP-16.1,client_product_rule
BOTA BEKINA STEPLITE PUNTA ACERO N° 40,COLUN,EXP-16.1,client_product_rule
BEBEDERO PLASTICO AUTOMATICO,COLUN,EXP-14.3,client_product_rule
RESFLOR X 100 CC,COLUN,EXP-2.5,client_product_rule
BOTA BEKINA STEPLITE PUNTA ACERO N° 43,COLUN,EXP-16.1,client_product_rule
ANCLAJE 3 VIAS BLA 5UN (G64912),COLUN,EXP-14.2,client_product_rule
MAMADERAS PARA TERNERO,COLUN,EXP-2.6,client_product_rule
FIT FORMULA GATO ADULTO X 10 KG,COLUN,EXP-5.3,client_product_rule
"MAMADERA SPEEDY FEEDER X 2,5 L (SHOOF)",COLUN,EXP-2.6,client_product_rule
MANGAS PARA ORDEÑA MECANICA,COLUN,EXP-16.1,client_product_rule
AUTOC. ALLFLEX MED/D.S/E. AMARILLO,COLUN,EXP-2.6,client_product_rule
DUPLOCILLINE X 100ML,COLUN,EXP-2.5,client_product_rule
PLANIPART FCO 50 CC,COLUN,EXP-2.5,client_product_rule
HEMODRAG X 20 ML,COLUN,EXP-2.5,client_product_rule
LAZOS PARA PARTO,COLUN,EXP-2.6,client_product_rule
LAPICES ALLFLEX,COLUN,EXP-2.6,client_product_rule
PINTURA CELO TELL TAIL ROJO 1 LT,COLUN,EXP-2.6,client_product_rule
AUTOC. ALLFLEX GRAN/D.S/E. BLANCO,COLUN,EXP-2.6,client_product_rule
AUTOC. ALLFLEX MED/D.S/E. BLANCO,COLUN,EXP-2.6,client_product_rule
AUTOC. MEDIANO ZEETAGS ROJO,COLUN,EXP-2.6,client_product_rule
AUTOC. ALLFLEX GRAN/D.S/E. ROJO,COLUN,EXP-2.6,client_product_rule
INVEADE INYECTABLE X 100 CC,COLUN,EXP-2.5,client_product_rule
"AGUJA DESECHABLE 18G X 1""",COLUN,EXP-2.6,client_product_rule
APLICADOR DIPPING S/RETORNO,COLUN,EXP-2.6,client_product_rule
OVEROLES GABARDINA TALLA M,COLUN,EXP-16.1,client_product_rule
APLICADOR DIPPING HORIZONTAL,COLUN,EXP-2.6,client_product_rule
HEMATON B12 INYECTABLE 100 ML,COLUN,EXP-2.5,client_product_rule
BAT. YOKO NX120-7 L90AMP. 12 VOLT KOREA,COLUN,EXP-13.1,client_product_rule
"A. SPIRAX S4 TXM X 18,9 L (958955)",COLUN,EXP-13.1,client_product_rule
BOTA BEKINA STEPLITE PUNTA ACERO N° 38,COLUN,EXP-16.1,client_product_rule
OVEROLES PILOTO POPLIN T 48 AZUL M,COLUN,EXP-16.1,client_product_rule
BOTA BEKINA STEPLITE PUNTA ACERO N° 36,COLUN,EXP-16.1,client_product_rule
GUANTE CABRETILLA CON FORRO,COLUN,EXP-16.1,client_product_rule
DIIO ZEETAG FDX X 5 UN,COLUN,EXP-2.6,client_product_rule
SOLUTION X 500 ML,COLUN,EXP-2.5,client_product_rule
BOTA BEKINA STEPLITE NORMAL N° 42,COLUN,EXP-16.1,client_product_rule
PLANILLA NÚMERO 71815 - ANÁLISIS : COOP,COLUN,EXP-12.2,client_product_rule
PLANILLA NÚMERO 72162 - ANÁLISIS : COOP,COLUN,EXP-12.2,client_product_rule
PLANILLA NÚMERO 72163 - ANÁLISIS : COOP,COLUN,EXP-12.2,client_product_rule
PLANILLA NÚMERO 72183 - ANÁLISIS : COOP,COLUN,EXP-12.2,client_product_rule
SALFORT ALTA BIOTINA X 25 KG,COLUN,EXP-2.4,client_product_rule
AYUDA PARTOS ESTANDAR SHOOF 201006,COLUN,EXP-2.6,client_product_rule
"MACHETE 18"" TRAMONTINA",COLUN,EXP-16.1,client_product_rule
"CAÑERIA NEGRA PN4 3/4""",COLUN,EXP-14.3,client_product_rule
ESCOBILLA COLECTOR 988.801-01 ALFA/LAVAL,COLUN,EXP-16.1,client_product_rule
MANIJA AISLADA DOBLE PROP 20UN (G73830),COLUN,EXP-14.2,client_product_rule
"MALLA CUADRADA 1,50 M. 5014",COLUN,EXP-14.2,client_product_rule
ORBENIN X 36 JER,COLUN,EXP-2.1,client_product_rule
PLANILLA NÚMERO 71334 - ANÁLISIS : COOP,COLUN,EXP-12.2,client_product_rule
PLANILLA NÚMERO 71335 - ANÁLISIS : COOP,COLUN,EXP-12.2,client_product_rule
PLANILLA NÚMERO 71336 - ANÁLISIS : COOP,COLUN,EXP-12.2,client_product_rule
PLANILLA NÚMERO 71339 - ANÁLISIS : COOP,COLUN,EXP-12.2,client_product_rule
PLANILLA NÚMERO 71617 - ANÁLISIS : COOP,COLUN,EXP-12.2,client_product_rule
PLANILLA NÚMERO 71694 - ANÁLISIS : COOP,COLUN,EXP-12.2,client_product_rule
PLANILLA NÚMERO 71726 - ANÁLISIS : COOP,COLUN,EXP-12.2,client_product_rule
ESCOBAS PLASTICAS 75,COLUN,EXP-16.1,client_product_rule
VACUNA LEPTOFERM 5 X 50 DOSIS,COLUN,EXP-2.3,client_product_rule
HANSEN REP VARILLA CORTA 202MM SUPER-FLO,COLUN,EXP-14.3,client_product_rule
VACUNA VISION 8 X 50 DOSIS,COLUN,EXP-2.3,client_product_rule
BOTA BEKINA STEPLITEX SOLIDGRIP N° 42,COLUN,EXP-16.1,client_product_rule
INYECTOR PREMIUM 2 ML SHOOF 220097,COLUN,EXP-16.1,client_product_rule
PALAS CARRILANA TRUPER,COLUN,EXP-16.1,client_product_rule
PICOTA TRUPER 5 LB C/MANGO,COLUN,EXP-16.1,client_product_rule
AISLADOR POSTE MADERA C/SEGURO X 25 UN,COLUN,EXP-14.2,client_product_rule
A. RIMULA R4 X 15W40 X 20 L (959430),COLUN,EXP-13.1,client_product_rule
"A. TELLUS S2 MX 68 X 18,9 L (964630)",COLUN,EXP-13.1,client_product_rule
ALCOHOL X 1 LT.,COLUN,EXP-2.6,client_product_rule
TERMOMETRO PLASTICO PARA SUELOS SHOOF,COLUN,EXP-16.2,client_product_rule
PLUVIOMETRO RAIN MAXX SHOOF,COLUN,EXP-16.2,client_product_rule
A.MOBIL NUTO 68 X 19LTS,COLUN,EXP-13.1,client_product_rule
PLANILLA NÚMERO 70927 - ANÁLISIS : COOP,COLUN,EXP-12.2,client_product_rule
PLANILLA NÚMERO 71035 - ANÁLISIS : COOP,COLUN,EXP-12.2,client_product_rule
PLANILLA NÚMERO 71080 - ANÁLISIS : COOP,COLUN,EXP-12.2,client_product_rule
PLANILLA NÚMERO 71081 - ANÁLISIS : COOP,COLUN,EXP-12.2,client_product_rule
PLANILLA NÚMERO 71082 - ANÁLISIS : COOP,COLUN,EXP-12.2,client_product_rule
PLANILLA NÚMERO 71083 - ANÁLISIS : COOP,COLUN,EXP-12.2,client_product_rule
PLANILLA NÚMERO 70374 - ANÁLISIS : COOP,COLUN,EXP-12.2,client_product_rule
PLANILLA NÚMERO 70563 - ANÁLISIS : COOP,COLUN,EXP-12.2,client_product_rule
PLANILLA NÚMERO 70564 - ANÁLISIS : COOP,COLUN,EXP-12.2,client_product_rule
PLANILLA NÚMERO 70701 - ANÁLISIS : COOP,COLUN,EXP-12.2,client_product_rule
PLANILLA NÚMERO 70746 - ANÁLISIS : COOP,COLUN,EXP-12.2,client_product_rule
PLANILLA NÚMERO 70912 - ANÁLISIS : COOP,COLUN,EXP-12.2,client_product_rule
PLANILLA NÚMERO 70914 - ANÁLISIS : COOP,COLUN,EXP-12.2,client_product_rule
PLANILLA NÚMERO 70917 - ANÁLISIS : COOP,COLUN,EXP-12.2,client_product_rule
PLANILLA NÚMERO 70919 - ANÁLISIS : COOP,COLUN,EXP-12.2,client_product_rule
PLANILLA NÚMERO 70921 - ANÁLISIS : COOP,COLUN,EXP-12.2,client_product_rule
PLANILLA NÚMERO 70922 - ANÁLISIS : COOP,COLUN,EXP-12.2,client_product_rule
PLANILLA NÚMERO 70926 - ANÁLISIS : COOP,COLUN,EXP-12.2,client_product_rule
RATAMIX PASTA X 500 GR (50 X 10 GR),COLUN,EXP-16.2,client_product_rule
SACOS PAPEROS 45 X 70 CM,COLUN,EXP-16.2,client_product_rule
ADBLUE GRANEL X L,COLUN,EXP-13.1,client_product_rule
CUCHILLO DESPALMADOR DERECHO AESCULAP,COLUN,EXP-2.6,client_product_rule
PECHERA REVERSIBLE CON LOGO COLUN,COLUN,EXP-16.1,client_product_rule
MAMYSIN - S X 20 JER,COLUN,EXP-2.2,client_product_rule
"EPRINEX POUR-ON X 2,5 L",COLUN,EXP-2.5,client_product_rule
"MANGUERA STAR GARDEN 3/4"" 5 BAR",COLUN,EXP-14.3,client_product_rule
PITA SAQUERA NYLON,COLUN,EXP-16.2,client_product_rule
VACUNA BRUCELLA ABORTUS CEPA RB-51,COLUN,EXP-2.3,client_product_rule
ESPUMA CLORADA DA X 20 LT,COLUN,EXP-10.3,client_product_rule
TUBERCULINA PPD BOVINA (AGROVET),COLUN,EXP-2.5,client_product_rule
JERINGA DESECHABLE 60 ML (L.L.),COLUN,EXP-2.6,client_product_rule
MANGO BISTURI N°4,COLUN,EXP-2.6,client_product_rule
TREO ACE X 500 CC,COLUN,EXP-2.5,client_product_rule
PLANILLA NÚMERO 69867 - ANÁLISIS : COOP,COLUN,EXP-12.2,client_product_rule
PLANILLA NÚMERO 70202 - ANÁLISIS : COOP,COLUN,EXP-12.2,client_product_rule
PLANILLA NÚMERO 70203 - ANÁLISIS : COOP,COLUN,EXP-12.2,client_product_rule
"MANGUERA STAR GARDEN 1/2"" 5 BAR",COLUN,EXP-14.3,client_product_rule
ROZON DERECHO TRAMONTINA,COLUN,EXP-16.1,client_product_rule
ALU - FARM SPRAY X 150 ML,COLUN,EXP-2.5,client_product_rule
VACUNA CATTLEMASTER GOLD FP5L5 X 25 DS,COLUN,EXP-2.3,client_product_rule
PERRO FIT FORMULA CACHORRO X 10 KG,COLUN,EXP-5.3,client_product_rule
"CAÑERIA NEGRA PN4 1/2""",COLUN,EXP-14.3,client_product_rule
"CAÑERIA NEGRA PN4 1 1/2""",COLUN,EXP-14.3,client_product_rule
MURIATO DE POTASIO 60% FUNDO,COLUN,EXP-6.5,client_product_rule
UREA ADHERO FUNDO,COLUN,EXP-6.2,client_product_rule
PEGAMENTO PARA TACOS (SHOOF),COLUN,EXP-2.6,client_product_rule
ANTICONG.PERMAZONE X19LT,COLUN,EXP-13.1,client_product_rule
SUPERFOSFATO TRIPLE X 25 KG,COLUN,EXP-6.1,client_product_rule
FLETE,COLUN,EXP-15.3,client_product_rule
CINTA BLANCA 40 MM X 50M (SP023),COLUN,EXP-14.2,client_product_rule
CABLE SUBTERRANEO 50 MT X 2.5 MM,COLUN,EXP-14.2,client_product_rule
TAPA BEBEDERO AUSTRALPLASTICS,COLUN,EXP-14.3,client_product_rule
PLANILLA NÚMERO 69220 - ANÁLISIS : COOP,COLUN,EXP-12.2,client_product_rule
PLANILLA NÚMERO 69221 - ANÁLISIS : COOP,COLUN,EXP-12.2,client_product_rule
PLANILLA NÚMERO 69305 - ANÁLISIS : COOP,COLUN,EXP-12.2,client_product_rule
PLANILLA NÚMERO 69306 - ANÁLISIS : COOP,COLUN,EXP-12.2,client_product_rule
FOSFATO MONOAMONICO FUNDO,COLUN,EXP-6.1,client_product_rule
UREA GRANULADA X 25 KG,COLUN,EXP-6.2,client_product_rule
BOTA BEKINA STEPLITE PUNTA ACERO N° 44,COLUN,EXP-16.1,client_product_rule
OVEROL POPLIN AZUL C/CINTA T. XL,COLUN,EXP-16.1,client_product_rule
TENSOR DE CARGA MAXIMO 1000 KG,COLUN,EXP-14.2,client_product_rule
VASELINA LIQUIDA X 1 LT.,COLUN,EXP-2.6,client_product_rule
BAT. YOKO 31-930 100AMP 12VOLT C/H KOREA,COLUN,EXP-13.1,client_product_rule
BATERIA ENERCEL HYUNDAI CMF 105 D 31L,COLUN,EXP-13.1,client_product_rule
TERMINAL DE ENERG. PARA PUERTA 807883,COLUN,EXP-14.2,client_product_rule
CUCHILLO DESPALMADOR IZQUIERDO AESCULAP,COLUN,EXP-2.6,client_product_rule
GUANO DE GALLINA FUNDO,COLUN,EXP-6.4,client_product_rule
A. GADUS S2 V220 2 X 18 KG (958644),COLUN,EXP-13.1,client_product_rule
CLAVOS 3 1/2 X 9 X 1 KG,COLUN,EXP-14.2,client_product_rule
CLAVOS 2 1/2 X 11 X 1 KG,COLUN,EXP-14.2,client_product_rule
OVEROLES PILOTO POPLIN T 50 AZUL L,COLUN,EXP-16.1,client_product_rule
CAMARA 14.9/13 X 24 EX-DIAMOND,COLUN,EXP-13.1,client_product_rule
VALV FLOT MAX-FLO CORTO 1 -3/4 (217209),COLUN,EXP-14.3,client_product_rule
BEBEDERO PLASTICO DE 1000 LT.,COLUN,EXP-14.3,client_product_rule
GUANTE CORTO NITRILO L SHOOF 204631,COLUN,EXP-16.1,client_product_rule
BOTAS DESECHABLE PLASTICO GRUESO,COLUN,EXP-16.1,client_product_rule
GORRO CLIP TIPO DUCHA BLANCO X 100 UN,COLUN,EXP-16.1,client_product_rule
ESCOBILLON MUNICIPAL GRANDE,COLUN,EXP-16.1,client_product_rule
"NEXGARD SPECTRA X 1 TABLETA (30,1-60 KG)",COLUN,EXP-16.2,client_product_rule
PERRO BAVARO WORK 26 (ADULTO) 18 KG,COLUN,EXP-5.3,client_product_rule
OVEROL POPLIN AZUL C/CINTA T. L,COLUN,EXP-16.1,client_product_rule
QUIX 5 LT,COLUN,EXP-10.3,client_product_rule
OVEROL POPLIN AZUL C/CINTA T. XXL,COLUN,EXP-16.1,client_product_rule
CAMARAS 18/400 X 15.5 TR16,COLUN,EXP-13.1,client_product_rule
"TUBERIA HDPE 63MM 2"" PN6 DIN 3,6MM",COLUN,EXP-14.3,client_product_rule
"TUBERIA HDPE 90MM 3"" PN6 DIN 5,4MM",COLUN,EXP-14.3,client_product_rule
APLICADORES AUTOCR.ALLFLEX,COLUN,EXP-2.6,client_product_rule
CLORO ORGANICO 10 KG,COLUN,EXP-10.3,client_product_rule
PAPEL HIGIENICO ECONOMICO 500 M ELITE,COLUN,ADM-1.6,client_product_rule
SERVICIO CONTRATO MANTENCION SEPTIEMBRE EQUIPO 1P06105EER6300230,SALINAS Y FABRES S.A.,EXP-13.1,direct_client_example
FERTILIZACION UREA 50 kg,SERVICIOS AGRICOLAS SCHUCK SPA,EXP-15.5,direct_client_example
MANTENCION MOTO HONDA TRX 420,MULTIMOTOS OSORNO SPA,EXP-13.2,direct_client_example
KIT INSTALACION 0 VISION 100,VERISURE CHILE SPA,ADM-1.2,direct_client_example
TRANSPORTE DE CARGA Y ENCOMIENDA,EGT LIMITADA,ADM-1.7,direct_client_example
PLANILLA N° 73697 ANALISIS:COOP_FECCAS_SEDIMENTACION,COLUN,EXP-12.2,direct_client_example
PLANILLA N° 73698 ANALISIS:COOP_FECCAS_PARASITOS PUL,COLUN,EXP-12.2,direct_client_example
"HI PLANZA 1/2 """,RICARDO FRANCISCO WULFF MULLER,EXP-9.2,direct_client_example
"HI PLANZA 1""",RICARDO FRANCISCO WULFF MULLER,EXP-9.2,direct_client_example
ABRASADERAS MET,RICARDO FRANCISCO WULFF MULLER,EXP-9.2,direct_client_example
SERVICIO DE ALOJAMIENTO,COMERCIAL MAIFA LTDA.,ADM-1.5,direct_client_example
CONSULTORIA EN GESTION DE PERSONAS,SERVICIOS PROFESIONALES EN SEGURIDAD Y SALUD OCUPA,ADM-1.10,direct_client_example
FLETE DE FDO YUTRECO A FERIA,EDGARDO EDMUNDO MANCILLA CARRION,EXP-15.3,direct_client_example
SERVICIO ELECTRICO SALA MAITEN,COOP ELECTRICA PAILLACO LTDA,EXP-11.1,direct_client_example
SERVICIO ELECTRICO CASA,COOP ELECTRICA PAILLACO LTDA,EXP-11.2,direct_client_example
SERVICIO ELECTRICO RIEGO PIVOTE,COOP ELECTRICA PAILLACO LTDA,EXP-9.1,direct_client_example
SERVICIO ELECTRICO SALA RAICES,COOP RURAL ELECTRICA RIO BUENO LTDA,EXP-11.1,direct_client_example
SEGURO COLECTIVO. POLIZA N°12799,CIA DE SEGUROS DE VIDA CONSORCIO,ADM-2.2,direct_client_example
T3 LOTE (S),COOPERATIVA AGRICOLA Y DE SERVICIO LTDA.,EXP-12.2,direct_client_example
T3 RCS,COOPERATIVA AGRICOLA Y DE SERVICIO LTDA.,EXP-12.2,direct_client_example
BIOLACT ANTILLANCA R GRANEL,AGROCOMERCIAL IANSA S.A.,EXP-5.1,direct_client_example
TRASLADO DE BOLOS,SERGIO FABIAN RODRIGUEZ DELGADO,EXP-4.2,direct_client_example
ARRIENDO OCTUBRE 25,ADDVISE SPA,ADM-1.3,direct_client_example
FULLDIP 5000 PROMOCION 230 kg,GEA Farm Technologies Osorno Ltda.,EXP-10.2,direct_client_example
SOLUTION 60 lts,GEA Farm Technologies Osorno Ltda.,EXP-10.3,direct_client_example
ZINICIN 70 kgs,GEA Farm Technologies Osorno Ltda.,EXP-10.3,direct_client_example
MUES.SUELO FDO. PELLECO,JAVIER ARIEL SILVA VERA,EXP-12.1,direct_client_example
ASESORIA CONTABLE PERIDO OCTUBRE 2025,AUDITAX SPA,ADM-1.8,direct_client_example
BLUEMAX,DISTRIBUIDORA COMERCIAL P Y G LIMITADA,EXP-13.3,direct_client_example
MARCA FORD MODELO RANGER XLT PATENTE TJXS63,DIFOR CHILE S.A.,EXP-13.3,direct_client_example
SEM.RAPS FORR.SPITFIRE DES. CTE,COOPERATIVA AGRICOLA Y DE SERVICIO LTDA.,EXP-8.4,direct_client_example
BILIFAR * 120 grs,COLUN,EXP-2.4,direct_client_example
PINTURA CELO TELL TAIL SPRAY ROJ 500 cc,COLUN,EXP-2.6,direct_client_example
GASOLINA 93,COLUN,EXP-11.4,direct_client_example
GASOLINA 93,ESTACION DE SERVICIOS PAOLA USLAR MOLINA EIRL,ADM-1.4,direct_client_example
RESIDENTIAL,STARLINK CHILE SPA,ADM-1.2,direct_client_example
INSTALACION ELECTRICA BODEGA - INSTALACION BOMBA TRITURADORA,ALBERTO JESUS LARA GUZMAN,EXP-14.4,direct_client_example
"POLIZA 6615118,",Cia de Seguros Generales Consorcio Nacional de Seg,ADM-2.1,direct_client_example
BIOLACT TERNERO INICIAL,AGROCOMERCIAL IANSA S.A.,EXP-5.2,direct_client_example
SERVICIO DE RETIRO Y DISPOSICION FINAL DE RESIDUOS PLASTICOS,SOCIEDAD COMERCIAL VITACYCLE LIMITADA,EXP-16.2,direct_client_example
SERVICIO ELECTRICO SALA YUTRECO,CIA ELECTRICA OSORNO S A,EXP-11.1,direct_client_example
SERVICIO DE MANTENCION SERVICIO MANTENIMIENTO PREVENTIVO 1BM6115JCRD601743,SALINAS Y FABRES S.A.,EXP-13.1,direct_client_example
CONCEPTAL_FACTOR LIBERA.HORMONAL * 50 ml,COLUN,EXP-2.5,direct_client_example
HORAS RETRO,GUARDA SPA,EXP-14.1,direct_client_example
GAS 45 kg,JULIA IGNACIA FUENTES FLORES,EXP-11.5,direct_client_example
ALMUERZO,CANAL BAJO SPA,ADM-1.5,direct_client_example
BOTA BEKINA STE PLITE ESPACIO NORMAL N°40,COLUN,EXP-16.1,direct_client_example
"SERVICIOS DE INTERNET RURAL TITAN 15Mnbps/10Mbps,MES DE NOVIEMBRE 2025",NETSKY SPA,ADM-1.2,direct_client_example
SERVICIO TECNICO LIMPIEZA DE POZO,SONDAJE PERFOMAQ S.A.,EXP-14.3,direct_client_example
SEMEN BOVINO LECHE CONVENCIONAL EMERALD,ABS CHILE LIMITADA,EXP-3.1,direct_client_example
IMPLEMENTOS PARA INSEMINACION INYECTOR CLASICO,ABS CHILE LIMITADA,EXP-3.1,direct_client_example
ASESORIA AGROPECUARIA,SOCIEDAD ROBERTO AICHELE Y CIA LTDA.,EXP-15.1,direct_client_example
REGARGA AGUA PURIFICADA,PURIFICADORA DE AGUA ALEJANDRO SALAZAR RIVERA E.I.,ADM-1.6,direct_client_example
VIAJE TECNICO,GEA Farm Technologies Osorno Ltda.,EXP-10.1,direct_client_example
HORA TECNICA AM,GEA Farm Technologies Osorno Ltda.,EXP-10.1,direct_client_example
PETROLEO DIESEL,FEROSOR AGRICOLA S.A.,EXP-11.3,direct_client_example
ALAMBRE GALV.#14 * KILOS,COLUN,EXP-14.2,direct_client_example
BLOQUEADOR SOLAR,COLUN,EXP-16.1,direct_client_example
PATHOZONE,COLUN,EXP-2.2,direct_client_example
TOCOPER,COLUN,EXP-2.6,direct_client_example
KET 10,COLUN,EXP-2.5,direct_client_example
PRESIDE 80 WP * 300 grs,COLUN,EXP-7.0,direct_client_example
SEMILLA BALLICA COLUN 4*5*25 kg,COLUN,EXP-8.1,direct_client_example
VACUNA CATTLEMASTER GOLD FP5 L5 25 DOSIS,COOPERATIVA AGRICOLA Y DE SERVICIO LTDA.,EXP-2.3,direct_client_example
VACUNA CATTLEMASTER GOLD 25 DOSIS,COOPERATIVA AGRICOLA Y DE SERVICIO LTDA.,EXP-2.3,direct_client_example
SILO PARVA,AGRO SERVICIOS NAVARRETE SPA,EXP-4.1,direct_client_example
PLASTICOS PARVA,COLUN,EXP-4.1,direct_client_example
FLETE TRASLADO DE BOLOS DE SILO,"SERVICIOS, COMERCIAL, AGRICOLA Y FORESTAL MORALES OPITZ SPA",EXP-4.2,direct_client_example
CONFECCION BOLOS PRADERA,SERVICIOS AGRICOLA CORPAL SPA,EXP-4.2,direct_client_example
BOLOS PAJA PLASTIFICADOS,SERVICIOS AGRICOLA CORPAL SPA,EXP-4.3,direct_client_example
HONORARIOS VETERINARIOS LDS,LECHERIAS DEL SUR,EXP-15.2,direct_client_example
ARRIENDO TRACTOR AGOSTO,JORGE HECTOR KIESSLING PINUER,EXP-15.4,direct_client_example
SIEMBRA PRADERA PERENNE,,EXP-8.1,client_service_rule
SIEMBRA PRADERA ROTACION CORTA,,EXP-8.2,client_service_rule
SIEMBRA OTROS CULTIVOS,,EXP-8.4,client_service_rule
SIEMBRA REPOBLAMIENTO,,EXP-8.3,client_service_rule
PREPARACION SUELO PRADERA PERENNE,,EXP-8.1,client_service_rule
PREPARACION SUELO ROTACION CORTA,,EXP-8.2,client_service_rule
PREPARACION SUELO OTROS CULTIVOS,,EXP-8.4,client_service_rule
